[
  {
    "id": "1",
    "nama": "Fauliatunajah",
    "nim": "1102221009",
    "jurusan": "Teknik Informatika"
  },
  {
    "id": "2",
    "nama": "Hulelah",
    "nim": "1102221010",
    "jurusan": "Teknik Informatika"
  },
  {
    "id": "3",
    "nama": "Ihlal Septian",
    "nim": "1201221008",
    "jurusan": "Sistem Informasi"
  },
  {
    "id": "4",
    "nama": "Siti Rohmatu Saniah",
    "nim": "1202221020",
    "jurusan": "Sistem Informasi"
  },
  {
    "id": "5",
    "nama": "Irsan Risky Aprilian",
    "nim": "2301221068",
    "jurusan": "Teknik Industri"
  },
  {
    "id": "6",
    "nama": "Edi Budi Utomo",
    "nim": "2301221006",
    "jurusan": "Teknik Industri"
  },
  {
    "id": "7",
    "nama": "Hanafi",
    "nim": "3101221001",
    "jurusan": "PPKN"
  },
  {
    "id": "8",
    "nama": "Hilma Tiara",
    "nim": "3102221002",
    "jurusan": "PPKN"
  },
  {
    "id": "9",
    "nama": "Atika Razma",
    "nim": "3202221018",
    "jurusan": "Pendidikan Akuntansi"
  },
  {
    "id": "10",
    "nama": "Yusnalia",
    "nim": "3302221008",
    "jurusan": "Pendidikan Bahasa Inggris"
  },
  {
    "id": "11",
    "nama": "Mochamad Syahdan Rifaldi",
    "nim": "1101221104",
    "jurusan": "Teknik Informatika"
  },

  {
    "id": "12",
    "nama": "Muhamad Hisam Firmansyah",
    "nim": "2201221024",
    "jurusan": "Teknik Lingkungan"
  }
]
